<code_scheme name="MapboxAndroid">
    <AndroidXmlCodeStyleSettings>
        <option name="USE_CUSTOM_SETTINGS" value="true" />
        <option name="LAYOUT_SETTINGS">
            <value>
                <option name="INSERT_BLANK_LINE_BEFORE_TAG" value="false" />
                <option name="INSERT_LINE_BREAK_AFTER_LAST_ATTRIBUTE" value="true" />
            </value>
        </option>
    </AndroidXmlCodeStyleSettings>
    <GroovyCodeStyleSettings>
        <option name="ALIGN_MULTILINE_LIST_OR_MAP" value="false" />
        <option name="ALIGN_NAMED_ARGS_IN_MAP" value="false" />
    </GroovyCodeStyleSettings>
    <JavaCodeStyleSettings>
        <option name="CLASS_NAMES_IN_JAVADOC" value="3" />
        <option name="CLASS_COUNT_TO_USE_IMPORT_ON_DEMAND" value="999" />
        <option name="NAMES_COUNT_TO_USE_IMPORT_ON_DEMAND" value="999" />
        <option name="PACKAGES_TO_USE_IMPORT_ON_DEMAND">
            <value />
        </option>
        <option name="IMPORT_LAYOUT_TABLE">
            <value>
                <package name="" withSubpackages="true" static="false" />
                <emptyLine />
                <package name="" withSubpackages="true" static="true" />
            </value>
        </option>
        <option name="JD_ALIGN_PARAM_COMMENTS" value="false" />
        <option name="JD_ALIGN_EXCEPTION_COMMENTS" value="false" />
        <option name="JD_P_AT_EMPTY_LINES" value="false" />
        <option name="JD_DO_NOT_WRAP_ONE_LINE_COMMENTS" value="true" />
        <option name="JD_KEEP_EMPTY_PARAMETER" value="false" />
        <option name="JD_KEEP_EMPTY_RETURN" value="false" />
        <option name="JD_PRESERVE_LINE_FEEDS" value="true" />
    </JavaCodeStyleSettings>
    <XML>
        <option name="XML_ALIGN_ATTRIBUTES" value="false" />
        <option name="XML_LEGACY_SETTINGS_IMPORTED" value="true" />
    </XML>
    <codeStyleSettings language="JAVA">
        <option name="RIGHT_MARGIN" value="120" />
        <option name="LINE_COMMENT_AT_FIRST_COLUMN" value="false" />
        <option name="BLOCK_COMMENT_AT_FIRST_COLUMN" value="false" />
        <option name="KEEP_FIRST_COLUMN_COMMENT" value="false" />
        <option name="KEEP_BLANK_LINES_IN_DECLARATIONS" value="1" />
        <option name="KEEP_BLANK_LINES_IN_CODE" value="1" />
        <option name="KEEP_BLANK_LINES_BEFORE_RBRACE" value="0" />
        <option name="ALIGN_MULTILINE_PARAMETERS" value="false" />
        <option name="ALIGN_MULTILINE_FOR" value="false" />
        <option name="SPACE_WITHIN_ARRAY_INITIALIZER_BRACES" value="true" />
        <option name="SPACE_BEFORE_ARRAY_INITIALIZER_LBRACE" value="true" />
        <option name="CALL_PARAMETERS_WRAP" value="1" />
        <option name="METHOD_PARAMETERS_WRAP" value="1" />
        <option name="RESOURCE_LIST_WRAP" value="1" />
        <option name="EXTENDS_LIST_WRAP" value="1" />
        <option name="THROWS_LIST_WRAP" value="1" />
        <option name="EXTENDS_KEYWORD_WRAP" value="1" />
        <option name="THROWS_KEYWORD_WRAP" value="1" />
        <option name="METHOD_CALL_CHAIN_WRAP" value="5" />
        <option name="BINARY_OPERATION_WRAP" value="5" />
        <option name="BINARY_OPERATION_SIGN_ON_NEXT_LINE" value="true" />
        <option name="TERNARY_OPERATION_WRAP" value="1" />
        <option name="TERNARY_OPERATION_SIGNS_ON_NEXT_LINE" value="true" />
        <option name="FOR_STATEMENT_WRAP" value="1" />
        <option name="ARRAY_INITIALIZER_WRAP" value="1" />
        <option name="ARRAY_INITIALIZER_LBRACE_ON_NEXT_LINE" value="true" />
        <option name="ARRAY_INITIALIZER_RBRACE_ON_NEXT_LINE" value="true" />
        <option name="ASSIGNMENT_WRAP" value="1" />
        <option name="ASSERT_STATEMENT_WRAP" value="1" />
        <option name="IF_BRACE_FORCE" value="1" />
        <option name="DOWHILE_BRACE_FORCE" value="1" />
        <option name="WHILE_BRACE_FORCE" value="1" />
        <option name="METHOD_ANNOTATION_WRAP" value="1" />
        <option name="CLASS_ANNOTATION_WRAP" value="1" />
        <option name="FIELD_ANNOTATION_WRAP" value="1" />
        <option name="PARAMETER_ANNOTATION_WRAP" value="1" />
        <option name="VARIABLE_ANNOTATION_WRAP" value="1" />
        <indentOptions>
            <option name="INDENT_SIZE" value="2" />
            <option name="CONTINUATION_INDENT_SIZE" value="4" />
            <option name="TAB_SIZE" value="2" />
        </indentOptions>
    </codeStyleSettings>
    <codeStyleSettings language="XML">
        <indentOptions>
            <option name="INDENT_SIZE" value="2" />
            <option name="CONTINUATION_INDENT_SIZE" value="4" />
            <option name="TAB_SIZE" value="2" />
        </indentOptions>
        <arrangement>
            <rules>
                <section>
                    <rule>
                        <match>
                            <NAME>class</NAME>
                        </match>
                    </rule>
                </section>
                <section>
                    <rule>
                        <match>
                            <NAME>layout</NAME>
                        </match>
                    </rule>
                </section>
                <section>
                    <rule>
                        <match>
                            <NAME>xmlns:android</NAME>
                        </match>
                    </rule>
                </section>
                <section>
                    <rule>
                        <match>
                            <NAME>xmlns:.*</NAME>
                        </match>
                        <order>BY_NAME</order>
                    </rule>
                </section>
                <section>
                    <rule>
                        <match>
                            <AND>
                                <NAME>.*:id</NAME>
                                <XML_NAMESPACE>http://schemas.android.com/apk/res/android</XML_NAMESPACE>
                            </AND>
                        </match>
                    </rule>
                </section>
                <section>
                    <rule>
                        <match>
                            <AND>
                                <NAME>.*:name</NAME>
                                <XML_NAMESPACE>http://schemas.android.com/apk/res/android</XML_NAMESPACE>
                            </AND>
                        </match>
                    </rule>
                </section>
                <section>
                    <rule>
                        <match>
                            <AND>
                                <NAME>.*:layout_width</NAME>
                                <XML_NAMESPACE>http://schemas.android.com/apk/res/android</XML_NAMESPACE>
                            </AND>
                        </match>
                    </rule>
                </section>
                <section>
                    <rule>
                        <match>
                            <AND>
                                <NAME>.*:layout_height</NAME>
                                <XML_NAMESPACE>http://schemas.android.com/apk/res/android</XML_NAMESPACE>
                            </AND>
                        </match>
                    </rule>
                </section>
                <section>
                    <rule>
                        <match>
                            <AND>
                                <NAME>.*:layout_.*</NAME>
                                <XML_NAMESPACE>http://schemas.android.com/apk/res/android</XML_NAMESPACE>
                            </AND>
                        </match>
                        <order>BY_NAME</order>
                    </rule>
                </section>
                <section>
                    <rule>
                        <match>
                            <AND>
                                <NAME>.*</NAME>
                                <XML_NAMESPACE>http://schemas.android.com/apk/res/android</XML_NAMESPACE>
                            </AND>
                        </match>
                        <order>BY_NAME</order>
                    </rule>
                </section>
                <section>
                    <rule>
                        <match>
                            <AND>
                                <NAME>app:layout_.*</NAME>
                                <XML_NAMESPACE>http://schemas.android.com/apk/res-auto</XML_NAMESPACE>
                            </AND>
                        </match>
                        <order>BY_NAME</order>
                    </rule>
                </section>
                <section>
                    <rule>
                        <match>
                            <NAME>.*(?&lt;!style)$</NAME>
                        </match>
                        <order>BY_NAME</order>
                    </rule>
                </section>
                <section>
                    <rule>
                        <match>
                            <NAME>style</NAME>
                        </match>
                    </rule>
                </section>
            </rules>
        </arrangement>
    </codeStyleSettings>
</code_scheme>